Entreprise,Degré (Nb employés),Centralité de Degré
self employed,7,0.007
amazon,4,0.004
freelance,3,0.003
intel corporation,3,0.003
capgemini,3,0.003
bmo financial group,2,0.002
asml,2,0.002
brigham and womens hospital,2,0.002
the kraft heinz company,2,0.002
sap,2,0.002
paychex,2,0.002
morgan stanley,2,0.002
medtronic,2,0.002
collier county,1,0.001
crane worldwide logistics,1,0.001
ericsson,1,0.001
clear channel airport,1,0.001
therapets of indianainc,1,0.001
harpercollins publishers,1,0.001
ecorgy solutions pvt ltd,1,0.001
verizon connect,1,0.001
mercure industrie,1,0.001
african reinsurance brokers,1,0.001
thenextclick,1,0.001
lomas distribution limited,1,0.001
idevelopment,1,0.001
north star executive advisors,1,0.001
art school named after avet terterian,1,0.001
indpendante,1,0.001
carne group,1,0.001
miro,1,0.001
bws,1,0.001
open arms veterans families counselling,1,0.001
xylem inc,1,0.001
infosys,1,0.001
design atelierurbis,1,0.001
ngc,1,0.001
tika trk ibirlii ve koordinasyon ajans,1,0.001
richard harrington retirement club,1,0.001
bullseye communication,1,0.001
givemeservicecom,1,0.001
residencia anoia,1,0.001
the national association of conservation districts,1,0.001
the manufacturing institute,1,0.001
blackberry corporation,1,0.001
america dental,1,0.001
consultorio privado,1,0.001
chef middle east,1,0.001
united safety,1,0.001
abu dhabi commercial bank,1,0.001
pittsburg state university,1,0.001
emirates global aluminium,1,0.001
liuyang ever life bamboo industry coltd,1,0.001
orangetheory fitness,1,0.001
boeing,1,0.001
afterburner,1,0.001
bobs steak chop house,1,0.001
toolbox creative,1,0.001
brokair consulting,1,0.001
dunn executive services,1,0.001
tyler casey design,1,0.001
life schools,1,0.001
einsteins autoskola,1,0.001
chime solutions,1,0.001
penske automotive group,1,0.001
shawahig engineering co,1,0.001
mz master services,1,0.001
fluxwerx illumination inc,1,0.001
hartford healthcare medical group,1,0.001
coombs catering partnership limited,1,0.001
charter nex films inc,1,0.001
pragma informatik,1,0.001
bokoni platinum mines pty ltd,1,0.001
viscon hatchery automation,1,0.001
home healthsmith llc,1,0.001
state of missouri,1,0.001
prestige worldwide industries,1,0.001
cammebys,1,0.001
gibson brands inc,1,0.001
redpep textile,1,0.001
ursuline academydedham,1,0.001
rdc et canada,1,0.001
central nationalgottesman,1,0.001
teamblue,1,0.001
amdok,1,0.001
beaumont health,1,0.001
funeral service credit union,1,0.001
all personal inc,1,0.001
retired and loving it,1,0.001
universidade anhembi morumbi,1,0.001
american heart association,1,0.001
enchant,1,0.001
primerica,1,0.001
colorado twin raising,1,0.001
karachi shipyard engineering works limited,1,0.001
carolina rush soccer,1,0.001
ministrio pblico do estado de minas gerais,1,0.001
george mason university,1,0.001
arlington vacation rentals,1,0.001
wipro,1,0.001
us navy,1,0.001
bay cove human services,1,0.001
university of washington medical center,1,0.001
hrfraternity,1,0.001
industrial source,1,0.001
jdx eventos e entretenimentos ltda,1,0.001
srishti digilife pvt ltd,1,0.001
pricewaterhousecoopers service delivery center pwc sdc,1,0.001
rite of passage,1,0.001
xerox,1,0.001
st michel biscuits,1,0.001
pt bumitama gunajaya agro ltd,1,0.001
university of alabama at birmingham,1,0.001
none,1,0.001
bakkerij t stoepje,1,0.001
erel otomotiv,1,0.001
abn amro bank nv,1,0.001
cisco,1,0.001
auxiliar de servicio ayudante de cocina y tizanera,1,0.001
w l gore associates,1,0.001
prepax,1,0.001
samsung mobile,1,0.001
sirabi joukakelian zoboyan ppcc,1,0.001
arrow electronics,1,0.001
mcdonalds corporation,1,0.001
happy happy co,1,0.001
york university,1,0.001
jacks,1,0.001
sonos inc,1,0.001
general dynamics ordnance and tactical systems,1,0.001
avis budget group,1,0.001
law offices of matthew nl roach pc,1,0.001
shubh vijay chemicals,1,0.001
serpro servio federal de processamento de dados,1,0.001
the beacon bb,1,0.001
willis towers watson,1,0.001
absa group,1,0.001
majorel spain job,1,0.001
utah army national guard,1,0.001
bmw ag,1,0.001
viet tinh anh jsc,1,0.001
mineria,1,0.001
jabatan perkhidmatan awam malaysia,1,0.001
sro ag spital region oberaargau,1,0.001
rymlaptopc,1,0.001
buyin,1,0.001
mioro,1,0.001
stuart williams,1,0.001
convista consulting,1,0.001
rouge valley hemp company,1,0.001
sanofi pasteur,1,0.001
shutts bowen llp,1,0.001
geodis,1,0.001
marwa,1,0.001
erth corporation,1,0.001
lam research,1,0.001
workac,1,0.001
kennen consulting,1,0.001
merchants bonding company,1,0.001
siteone landscape supply llc,1,0.001
pt fonterra brands indonesia,1,0.001
mystic cottage furniture,1,0.001
universal container corporation,1,0.001
divexpress,1,0.001
crave,1,0.001
saint lukes health system,1,0.001
ailsa sutcliffe training ltd,1,0.001
alfardan jewellery,1,0.001
sparrow early learning,1,0.001
smartet tech coltd,1,0.001
cigna,1,0.001
travel leaders corporate llc,1,0.001
webhelp,1,0.001
clark university,1,0.001
weichert realtors,1,0.001
omni,1,0.001
mitie,1,0.001
tuciudadenredcom,1,0.001
microsoft,1,0.001
city of burbank,1,0.001
lebensraumwasser,1,0.001
ceda,1,0.001
children medical services,1,0.001
jatis mobile,1,0.001
dignity health,1,0.001
travel trade group,1,0.001
hexaware technologies,1,0.001
total mortgage services llc,1,0.001
usaa,1,0.001
calkins accountancy,1,0.001
universit laval,1,0.001
analog devices,1,0.001
vietnam float glass co ltd nsg group viglacera,1,0.001
the town of weston,1,0.001
draken europe,1,0.001
altour,1,0.001
f hoffmannla roche ltd hired by hays,1,0.001
national oilwell varco tuboscope,1,0.001
umowa zleceniefreelancing,1,0.001
alcaldia de cantagallo,1,0.001
stratosphere it services pvt ltd,1,0.001
expertise group,1,0.001
baptist health system ky in,1,0.001
unicorn 1transportation,1,0.001
camjohn,1,0.001
infomotion gmbh,1,0.001
q2,1,0.001
whs consultants pty ltd,1,0.001
corpnet comrcio e servios para informtica,1,0.001
curti costruzioni meccaniche spa aerospace and meccatronic,1,0.001
twin cities rse,1,0.001
sensetime,1,0.001
mrf,1,0.001
marks and spencer,1,0.001
health i life i real estate advisor,1,0.001
one source communications,1,0.001
npn drukkers,1,0.001
pwc india,1,0.001
nasa intergrated communication systems,1,0.001
laura kaplan lcsw,1,0.001
limra,1,0.001
king spalding,1,0.001
grazette,1,0.001
superclasico,1,0.001
nuvasive,1,0.001
karina lyburn,1,0.001
3blindmiceusacostcograber,1,0.001
primaryeyfs,1,0.001
truple cities metal finishing,1,0.001
excelcredit,1,0.001
erhvervsstyrelsen,1,0.001
lufthansa global business services gmbh,1,0.001
city of fort collins,1,0.001
drger,1,0.001
univesity of nebraskalincoln,1,0.001
baked advertising,1,0.001
at still university school of osteopathic medicine in arizona,1,0.001
localiza,1,0.001
midatlantic anesthesia associates,1,0.001
parker hannifin,1,0.001
local 33,1,0.001
technische hochschule ingolstadt,1,0.001
centre de formation dapprentis du btiment saintlambert,1,0.001
lkw walter internationale transportorganisation ag,1,0.001
tibnor,1,0.001
pt hm sampoerna tbk,1,0.001
tritech consult,1,0.001
national iranian south oil company nisoc,1,0.001
vifor pharma,1,0.001
metrogas sa,1,0.001
pearl automation,1,0.001
ministry of educationsalvation army,1,0.001
the reading hospital and medical center,1,0.001
kokosing construction company inc,1,0.001
turner inc,1,0.001
trimark usa,1,0.001
city of richmond virginia,1,0.001
the house of abhinandan lodha,1,0.001
termo vision tech srls,1,0.001
keybank,1,0.001
sir robert woodard academy,1,0.001
black veatch,1,0.001
onondaga community college,1,0.001
la sanitaria di aleucci,1,0.001
zdravotnci a zchrani primrn pe,1,0.001
royal mail,1,0.001
beit hair museum,1,0.001
edmonton public schools,1,0.001
tysers,1,0.001
flynth adviseurs en accountants,1,0.001
roundedcom,1,0.001
icbc credit suisse investment management,1,0.001
ifapme lige,1,0.001
areco stockholm ab,1,0.001
universitat de valncia,1,0.001
pegasus steel usa,1,0.001
samsung semiconductor inc ssi,1,0.001
loudnclear,1,0.001
laiterie tell setif,1,0.001
cochlear americas,1,0.001
fine art invest,1,0.001
dondero associates,1,0.001
hospital dexeus quiron,1,0.001
danieli group,1,0.001
klingspor abrasives usa,1,0.001
story wealth management group,1,0.001
abc therapy,1,0.001
tda interiors south central ltd,1,0.001
hilex,1,0.001
taranaki district health board,1,0.001
bison transport inc,1,0.001
bristolmyers squibb,1,0.001
newmetro design,1,0.001
graves may pllc,1,0.001
juaneda,1,0.001
dragon china kitchen,1,0.001
tech collective,1,0.001
tectika,1,0.001
aurubis ag,1,0.001
klahanie homeowners assn,1,0.001
sandersons,1,0.001
alnylam pharmaceuticals,1,0.001
somack gmbh,1,0.001
nestl nespresso sa,1,0.001
wirelesscar,1,0.001
sweet hunger usa,1,0.001
the korda law firm,1,0.001
infrared inspections hawaii,1,0.001
dell emc,1,0.001
reliance industries limited,1,0.001
healogix,1,0.001
property insight,1,0.001
township of hampton,1,0.001
liebherr group,1,0.001
quantum health,1,0.001
motteriffic music photo booth,1,0.001
performance automotive inc,1,0.001
aerotech golf llc,1,0.001
han kun law offices,1,0.001
aram production house,1,0.001
distribuidor independiente de poliestireno expandido,1,0.001
metlifecare,1,0.001
elastic path,1,0.001
ascenti,1,0.001
penske logistics,1,0.001
carrier vibrating equipment,1,0.001
new york life insurance company,1,0.001
dyp transportation inc,1,0.001
torc robotics,1,0.001
hettich instruments,1,0.001
safe harbor development,1,0.001
eg hardware jelem jewelry lady joan apparel enviromdgroupllc apparelppe,1,0.001
la paridera de ideas,1,0.001
hashtag you,1,0.001
ihw ingenieurbro huber gmbh,1,0.001
innovega inc,1,0.001
rawafid industrial,1,0.001
galliford try,1,0.001
kabal,1,0.001
magna electronics,1,0.001
national geographic society,1,0.001
mashreq bank,1,0.001
jzu ukc tuzla,1,0.001
dottyfield,1,0.001
the fish vine,1,0.001
tsystems,1,0.001
price waterhouse coopers pwc,1,0.001
at rich bake,1,0.001
universit de fribourguniversitt freiburg,1,0.001
total wine more,1,0.001
printing arts,1,0.001
referral marketing concepts lp,1,0.001
jackson pediatric associates,1,0.001
federal public defender,1,0.001
sl nusbaum realty co,1,0.001
sacred heart medical center,1,0.001
distribuidora juguetron,1,0.001
guideline inc,1,0.001
the wesley foundation at louisiana tech university,1,0.001
er technical solutions and trading,1,0.001
casaro dos reparos,1,0.001
conpany,1,0.001
personnal,1,0.001
hcl technologies,1,0.001
gwinnett county public schools,1,0.001
psb,1,0.001
federal protective service,1,0.001
college of southern nevada,1,0.001
arc en ciel,1,0.001
the philosophy of ajanoi,1,0.001
hofstra university,1,0.001
atos,1,0.001
sogeti,1,0.001
bakery,1,0.001
synchrist network services private limited,1,0.001
bolcast sl,1,0.001
bapus shipping agency,1,0.001
sandisk,1,0.001
nemko as,1,0.001
align technology,1,0.001
nevo medical,1,0.001
siemens healthineers,1,0.001
dsv global transport and logistics,1,0.001
delaval,1,0.001
btk befrachtungs und transportkontor,1,0.001
ptindonic tangerang investment,1,0.001
national hospital of sri lanka,1,0.001
aragen life sciences,1,0.001
konrad adenauer stiftung,1,0.001
the joshua chamberlain society,1,0.001
ittotal sweden ab,1,0.001
fain ascensores,1,0.001
mais envios,1,0.001
limen,1,0.001
browniesdownies,1,0.001
allergan,1,0.001
greenshields cowie co ltd,1,0.001
manpower france,1,0.001
university of new mexico,1,0.001
benchmark lending llc,1,0.001
robinhood,1,0.001
vrbo,1,0.001
allianz partners,1,0.001
department of education,1,0.001
waterloo central school,1,0.001
qley auditores consultores sl,1,0.001
dollarama lp,1,0.001
hansa industriemixer gmbh co kg,1,0.001
team taurus,1,0.001
university of new orleans,1,0.001
calzado baker,1,0.001
remarkable,1,0.001
esp associates pa,1,0.001
udaancom,1,0.001
express service engineering limited,1,0.001
metropolitan transit authority of harris county,1,0.001
hospital drparoissien,1,0.001
servpro of middletownspringboro,1,0.001
queretaro,1,0.001
nuvance health,1,0.001
american century investments,1,0.001
farm bureau insurance of tennessee,1,0.001
veyance technologies inc continental contitech,1,0.001
freelancer english education,1,0.001
lorvik og skjrholm,1,0.001
nhs confederation,1,0.001
its sal offshore africa,1,0.001
barsel,1,0.001
smb capital,1,0.001
rio tinto,1,0.001
australian institute of professional intelligence officers inc,1,0.001
kyabram district health services,1,0.001
ashwood glen super fund,1,0.001
crowdstrike,1,0.001
pickwick and sprout,1,0.001
agl australia,1,0.001
painter,1,0.001
arbortech,1,0.001
score group plc,1,0.001
htel levesque,1,0.001
reifenhuser gruppe the extrusioneers,1,0.001
miur,1,0.001
dusakawi epsi,1,0.001
catholic education rockhampton,1,0.001
two bulls,1,0.001
hermed technische beratungs gmbh,1,0.001
cisler and associates real estate inc,1,0.001
liberty financial pty ltd,1,0.001
anz,1,0.001
ask4software limited,1,0.001
managed app,1,0.001
mcphersons consumer products pty ltd,1,0.001
life line screening,1,0.001
fiotec fundao de apoio fiocruz,1,0.001
delta rural consulting srl,1,0.001
ust,1,0.001
bpi packaging llc,1,0.001
tnwc,1,0.001
cyient,1,0.001
consejo general de la abogacia espaola,1,0.001
rueda rueda advogados,1,0.001
wise river realty,1,0.001
peace research institute frankfurt,1,0.001
smart technologies,1,0.001
emersion media,1,0.001
smarter packaging solutions,1,0.001
ceracare,1,0.001
siemens,1,0.001
simply southern,1,0.001
nitaq for actuarial services,1,0.001
dentak laboratory,1,0.001
wam,1,0.001
biomrieux,1,0.001
judges scientific plc jdg,1,0.001
marvalous,1,0.001
novartis,1,0.001
archirodon constructionoverseas company sa dubai branch,1,0.001
the swan at lavenham hotel spa,1,0.001
wma,1,0.001
options for all,1,0.001
procter gamble,1,0.001
exceptional therapies,1,0.001
selfemployed,1,0.001
johnson johnson,1,0.001
nanyang business school,1,0.001
resorts world sentosa,1,0.001
zaldivar child consultant agency,1,0.001
prodam,1,0.001
brodiegraphics,1,0.001
imperial college london,1,0.001
mitt,1,0.001
lc waikiki,1,0.001
charter communications spectrum,1,0.001
asus,1,0.001
huawei technologies,1,0.001
bader ahmed kaiksow group,1,0.001
etisalat egypt,1,0.001
ministry of health and population of egypt,1,0.001
shool,1,0.001
eren fresh fruits vegetables export,1,0.001
roketsan roket sanayii ve ticaret a,1,0.001
garanti bbva,1,0.001
loadmill,1,0.001
pmg salik turzlaboratuvar hizm gida san ticltdti,1,0.001
dilko english,1,0.001
ptria investimentos,1,0.001
tesy,1,0.001
medplex,1,0.001
arup,1,0.001
pathgroup,1,0.001
hismajesty bottling plant inc,1,0.001
magma fincorp ltd,1,0.001
midrange computer group inc,1,0.001
siva sharm,1,0.001
3m,1,0.001
asc elektrik motorlari a,1,0.001
mgm resorts international,1,0.001
pathways,1,0.001
warner music group,1,0.001
southern california edison sce,1,0.001
impress promotional wear ltd,1,0.001
mandelbaum barrett pc,1,0.001
ogooluwapo services,1,0.001
evans associates,1,0.001
vesuvius,1,0.001
sunlight interiors and exhibitions,1,0.001
alten sweden,1,0.001
keysight technologies,1,0.001
innovate the power to create,1,0.001
regency drt,1,0.001
financial conduct authority,1,0.001
genoa healthcare,1,0.001
chalhoub group,1,0.001
excel tutoring,1,0.001
enercon llc,1,0.001
shelter insurance companies,1,0.001
holding company for water and waste water hcww,1,0.001
may mansion,1,0.001
daisybill,1,0.001
else innovations,1,0.001
st john the baptist catholic church,1,0.001
spartanos fitness,1,0.001
esval sa,1,0.001
education ducation,1,0.001
al neem general maintenance,1,0.001
mcub architectes,1,0.001
blue grass community foundation,1,0.001
hako sushi delivery,1,0.001
ctc media inc,1,0.001
self employeed,1,0.001
natuzil,1,0.001
wisales gmbh,1,0.001
childrens square usa,1,0.001
ardea partners,1,0.001
edge delta,1,0.001
randstad,1,0.001
cts,1,0.001
cobham,1,0.001
ism services incorporated,1,0.001
first freedom llc,1,0.001
oman air,1,0.001
libreras crisol,1,0.001
ghana cocobod ched,1,0.001
bank of tennessee,1,0.001
scottish fishermens federation,1,0.001
system high corporation,1,0.001
dlgim,1,0.001
globant,1,0.001
gobierno de la ciudad de buenos aires,1,0.001
blairstown elementary school,1,0.001
aplan insurance,1,0.001
farmers alliance companies,1,0.001
true digital group,1,0.001
asian institute of gastroenterology,1,0.001
linxon,1,0.001
deloitte consulting,1,0.001
hubert burda media,1,0.001
universit parissaclay,1,0.001
ruag ammotec,1,0.001
talkback uk,1,0.001
zydus healthcare sa,1,0.001
hansainvest hanseatische investmentgmbh,1,0.001
shx,1,0.001
jubilee foods,1,0.001
university of south florida health,1,0.001
net news daily,1,0.001
huawei,1,0.001
enfield citizens advice bureau,1,0.001
ministero dellinterno corpo nazionale dei vigili del fuoco,1,0.001
gianbel italia,1,0.001
wood,1,0.001
us department of veterans affairs,1,0.001
foodservice industry,1,0.001
united states postal service,1,0.001
accuspec electronics llc,1,0.001
vision music media entertainment,1,0.001
sketch consultancy,1,0.001
urban glam siloam springs,1,0.001
construes casimiro sa,1,0.001
encore group,1,0.001
eternit colombiana sa,1,0.001
ego pharmaceuticals,1,0.001
soulful coaching,1,0.001
meadville pines inc dba whispering pines golf course,1,0.001
lipson cosmticos ltda,1,0.001
faurecia,1,0.001
ivy,1,0.001
miral experiences,1,0.001
pureline electronics,1,0.001
wearmart,1,0.001
pak suzuki motor company limited,1,0.001
graphic designer morten klementsen,1,0.001
unir la universidad en internet,1,0.001
seagate technology,1,0.001
frigorfico guadalupe,1,0.001
macys,1,0.001
allied dermatology,1,0.001
fysio blaauw,1,0.001
schule urtenenschnbhl,1,0.001
coldwell banker the real estate group,1,0.001
slimming world,1,0.001
valentina kaneva,1,0.001
bretherton law,1,0.001
google operations center,1,0.001
rochester software associates,1,0.001
cronos europa,1,0.001
deloitte,1,0.001
fresenius medical care north america,1,0.001
emerald fire protection,1,0.001
clayton advisory services,1,0.001
lyceo,1,0.001
ccas de menton,1,0.001
12th ave thrift,1,0.001
city electric supply,1,0.001
vinnell arabia,1,0.001
cadiat,1,0.001
african spear,1,0.001
universit de bretagne occidentale,1,0.001
baden wrttemberg,1,0.001
grupo antares de mxico,1,0.001
prop me up,1,0.001
ebay small business,1,0.001
electrical design and construction,1,0.001
visiting nurse health system hospice atlanta,1,0.001
lufthansa,1,0.001
iknl integraal kankercentrum nederland,1,0.001
virgina tech,1,0.001
garonne fruits rseau le saint,1,0.001
the swag,1,0.001
derivco sports,1,0.001
ashfield part of udg healthcare,1,0.001
the voiceover gallery,1,0.001
heavy metal kids,1,0.001
cloud lounge jakarta,1,0.001
jeanpeau,1,0.001
vorwerk cs ks thermomix,1,0.001
optoro,1,0.001
astrocare home healthcare,1,0.001
groupm,1,0.001
ing bro schroll projektmanagement ug haftungsbeschrnkt,1,0.001
victorias secret,1,0.001
harleydavidson motor company,1,0.001
us bank,1,0.001
samsung engineering,1,0.001
university of kwazulunatal,1,0.001
woodbury,1,0.001
catalina components inc,1,0.001
pwc nederland,1,0.001
milacron,1,0.001
trinity facilities solutions llc,1,0.001
optum insight,1,0.001
red hat,1,0.001
tomtom,1,0.001
special task force protection agency,1,0.001
madrid supermecado,1,0.001
dom zdravlja savski venac,1,0.001
a local hospital,1,0.001
biosero,1,0.001
saigon tobacco company limited,1,0.001
civica,1,0.001
johnson johnson insurance,1,0.001
zurich insurance company ltd,1,0.001
saga communications,1,0.001
coachecom,1,0.001
transport for nsw,1,0.001
neta training,1,0.001
ust global,1,0.001
o brilhante despertar,1,0.001
east dunbartonshire council,1,0.001
piotr jankiewicz coach for more,1,0.001
zion builders ltd,1,0.001
university hospitals case medical center,1,0.001
arm,1,0.001
hca healthcare,1,0.001
ey,1,0.001
essity,1,0.001
keller williams realty chattahoochee north,1,0.001
animal eye guys,1,0.001
turner construction company,1,0.001
felb,1,0.001
ontrac construction associates inc,1,0.001
genzyme,1,0.001
mit academy of engineering alandi pune,1,0.001
rgbsi,1,0.001
gavs technologies,1,0.001
flexhive by hudson,1,0.001
state farm agent,1,0.001
vallourec,1,0.001
hamad medical corporation,1,0.001
orinad look ag,1,0.001
proofpoint,1,0.001
hello media ltd,1,0.001
idrive logistics,1,0.001
bright money,1,0.001
noom inc,1,0.001
amarillo college,1,0.001
db schenker,1,0.001
south32,1,0.001
christian outreach centre,1,0.001
ica maxi,1,0.001
studiovarustamo oy,1,0.001
trustarc,1,0.001
etat de vaud,1,0.001
razor sharp fitness,1,0.001
applied materials,1,0.001
buzz active,1,0.001
hong kong monetary authority hkma,1,0.001
signsbuildercom,1,0.001
university college london,1,0.001
lowes home improvement,1,0.001
combined insurance,1,0.001
education center be here,1,0.001
search engine people,1,0.001
attenti,1,0.001
standard process inc,1,0.001
renova,1,0.001
cognizant,1,0.001
pathways home health hospice private duty,1,0.001
kyriba,1,0.001
st peters hospice bristol,1,0.001
nilam sharma ltdkeystone law,1,0.001
etec paulistano,1,0.001
karolinska universitetssjukhuset,1,0.001
alshaya group,1,0.001
bcbsri,1,0.001
century fence construction,1,0.001
western national insurance,1,0.001
olive jobs,1,0.001
food lion,1,0.001
sears holdings corporation,1,0.001
brewers fare,1,0.001
anand and anand,1,0.001
spotify,1,0.001
quality air duct cleaning,1,0.001
totality corp,1,0.001
project hope,1,0.001
emmanuel cathedral denis hurley centre,1,0.001
blue square construction,1,0.001
plexus,1,0.001
academy of holy angels,1,0.001
freelance graphic designerartworker,1,0.001
sumida corporation,1,0.001
designer nails,1,0.001
united finance company saog,1,0.001
elizabeth carter,1,0.001
autosmart dartford,1,0.001
ultratech cement,1,0.001
cope occupational health and ergonomic services ltd,1,0.001
secomindai,1,0.001
access garage doors,1,0.001
gemeente utrecht,1,0.001
yda salk,1,0.001
orange education pvt ltd delhi,1,0.001
oreilly auto parts,1,0.001
boom construction company,1,0.001
atalanta bergamasca calcio spa,1,0.001
copacol,1,0.001
infor,1,0.001
region gvleborg,1,0.001
west midlands adcs network,1,0.001
education design lab,1,0.001
na,1,0.001
pism,1,0.001
ggs engineering services india pvt ltd,1,0.001
zurich generalagentur patrick kng,1,0.001
judge sykes frixou,1,0.001
sweco,1,0.001
ready electric company inc,1,0.001
boston pharmaceuticals inc,1,0.001
cc industries inc,1,0.001
snax spa,1,0.001
oracle,1,0.001
grants pass clinic,1,0.001
aldi stores australia,1,0.001
emilio ribas,1,0.001
jll,1,0.001
bfp services,1,0.001
abu qir petrolum,1,0.001
the ritzcarlton hotel company llc,1,0.001
awwads lernzirkel,1,0.001
ball aerospace,1,0.001
network rail,1,0.001
ammscpa,0,0.0
