employee_id,company_name,probabilite_recrutement
keith-freeman-379a1111,,1.0
hussam-alaa-09843411a,at rich bake,0.979877785131792
harrison-ainsworth-5b42b951,blackberry corporation,0.9787911854804519
gail-fride-dwyer,self employed,0.28922147223605643
ronnie-caslin-caslin-73b835a2,self employed,0.28922147223605643
manuela-dias-b868b29b,infosys,0.16434114679674044
carlton-frank-6bba271b3,national geographic society,0.15811693158492549
tony-diaz-a9599087,universit de fribourguniversitt freiburg,0.15811693158492549
iswarjono-iswarjono-5679941a,amazon,0.13197448015718402
melanie-williams-14899539,amazon,0.12764192412407296
marg-pell-77b56534,capgemini,0.10670826445849864
arezo-hamid-78b71a232,capgemini,0.09756772801309722
stefen-roger-9ba051202,ammscpa,0.07829446215237462
sivaprasad-r-nair-78318464,sap,0.07190358730509902
mich%c3%a9e-mudjingu-a7749814b,sap,0.07038275908581511
anthony-korda-48006413b,sap,0.06889171008651422
dobrisan-elisabeta-b19571112,emirates global aluminium,0.06531909861032938
carmen-nemoianu-a2130869,marks and spencer,0.06531909861032938
susana-lai-b84129173,fain ascensores,0.06485228034130763
xiaoxi-li-36233321,casaro dos reparos,0.06438856847168593
robertbpowell,the ritzcarlton hotel company llc,0.06301589757247769
atlantasrealmccoy,hospital dexeus quiron,0.06301589757247769
majed-ali-52088a14b,abu qir petrolum,0.06256443786791813
mira-novakovic-0b14a3162,renova,0.062115998102705496
yoo-jeong-jeong-2b1144140,corpnet comrcio e servios para informtica,0.06122810989826267
sanghyun-baik-240109109,ust global,0.06122810989826267
mario-gingeira-a6638945,rueda rueda advogados,0.060352096509917484
mkaprelian,heavy metal kids,0.05991850046808398
silvia-corbino-a252b020,lkw walter internationale transportorganisation ag,0.05991850046808398
edgar-dominguez-operaciones-log%C3%ADsticas-scm-23848b56,university of new mexico,0.05948782235562028
edgar-dominguez-operaciones-log%C3%ADsticas-scm-23848b56,oracle,0.05948782235562028
hani-salim-8358541b8,warner music group,0.05906004536282998
rohit-c-p-9236a533,nasa intergrated communication systems,0.05906004536282998
psavchuk,deloitte consulting,0.05863515273612367
%d1%81%d0%b5%d1%80%d0%b3%d0%b5%d0%b9-%d0%b4%d0%be%d0%b9%d0%bd%d0%b8%d0%ba%d0%be%d0%b2-88545786,life line screening,0.05863515273612367
psavchuk,johnson johnson insurance,0.05863515273612367
vladislav-boyko,metlifecare,0.05863515273612367
eric-chen-24562643,kyabram district health services,0.0577939538497924
eric-chen-24562643,ism services incorporated,0.0577939538497924
walaa-al-yakoub-2b895920a,rochester software associates,0.05737761436745953
walaa-al-yakoub-2b895920a,home healthsmith llc,0.05737761436745953
annrichards1,plexus,0.05696409280662243
cathie-spice-47b02294,new york life insurance company,0.05696409280662243
nepoy-amoly-b42305204,universidade anhembi morumbi,0.05696409280662243
mazen-haddad,shool,0.05696409280662243
terry-andrews-26989597,nuvasive,0.05696409280662243
annot-ferlandqa-3b9277148,buyin,0.05696409280662243
james-egan-b5b5613b,mashreq bank,0.05696409280662243
stefen-roger-9ba051202,dentak laboratory,0.05696409280662243
david-mcadams-9498a846,rueda rueda advogados,0.05696409280662243
mehulpajwani,quality air duct cleaning,0.05696409280662243
david-mcadams-9498a846,crave,0.05696409280662243
john-luu1992,keybank,0.05696409280662243
yangjin-john-luo-a40086122,blue square construction,0.05696409280662243
simonscherer,ceda,0.05696409280662243
alexandra-gaziglia-82039bab,etat de vaud,0.05696409280662243
mehulpajwani,talkback uk,0.05696409280662243
annot-ferlandqa-3b9277148,saga communications,0.05696409280662243
rhiannon-svedas-3145397b,simply southern,0.05696409280662243
john-hughes-b366473a,pt fonterra brands indonesia,0.05696409280662243
trent-bullivant-56168795,jatis mobile,0.05696409280662243
duncan-macdonald-53950a2b,cochlear americas,0.05696409280662243
rob-smith-a95b4311b,benchmark lending llc,0.05696409280662243
mwato,asian institute of gastroenterology,0.05696409280662243
lance-dodds-a7691664,jeanpeau,0.05696409280662243
rhiannon-svedas-3145397b,libreras crisol,0.05696409280662243
terry-andrews-26989597,retired and loving it,0.05696409280662243
terry-andrews-26989597,mercure industrie,0.05696409280662243
terry-andrews-26989597,vietnam float glass co ltd nsg group viglacera,0.05696409280662243
james-egan-b5b5613b,university of new mexico,0.05696409280662243
duncan-macdonald-53950a2b,stratosphere it services pvt ltd,0.05696409280662243
terry-andrews-26989597,animal eye guys,0.05696409280662243
ayumi-roberts-07988b84,dom zdravlja savski venac,0.05696409280662243
trent-bullivant-56168795,thenextclick,0.05696409280662243
duncan-macdonald-53950a2b,wise river realty,0.05696409280662243
mazen-haddad,its sal offshore africa,0.05696409280662243
dinesh-silva-632a297,pwc nederland,0.05696409280662243
doris-kramer-b6a6b79b,erel otomotiv,0.05696409280662243
sarah-culverhouse-a6021a10,bakkerij t stoepje,0.05696409280662243
adrian-maniatis-71ab44a9,rouge valley hemp company,0.05696409280662243
cam-stewart-b0852992,hartford healthcare medical group,0.05696409280662243
doris-kramer-b6a6b79b,eternit colombiana sa,0.05696409280662243
bobby-sheasby-0170a16b,ready electric company inc,0.05696409280662243
nepoy-amoly-b42305204,siemens healthineers,0.05696409280662243
marg-pell-77b56534,tibnor,0.05696409280662243
krystyna-paul-086763a5,orangetheory fitness,0.05696409280662243
john-hughes-b366473a,klahanie homeowners assn,0.05696409280662243
john-hughes-b366473a,general dynamics ordnance and tactical systems,0.05696409280662243
john-hughes-b366473a,cyient,0.05696409280662243
porch-pirate-punisher-57a488185,funeral service credit union,0.05696409280662243
phil-onasu-5b6a3110b,jeanpeau,0.05696409280662243
annrichards1,orinad look ag,0.05696409280662243
chris-wilson-84642399,utah army national guard,0.05696409280662243
ammscpa,university of south florida health,0.05686144697480537
ammscpa,wearmart,0.05686144697480537
ahida-suljkanovi%C4%87-mahmutovi%C4%87-40821a116,lipson cosmticos ltda,0.05655337270064616
hashan-rathnayaka-58a259141,alfardan jewellery,0.05614543764148716
ravindra-kumara-aa052860,htel levesque,0.05614543764148716
hashan-rathnayaka-58a259141,college of southern nevada,0.05614543764148716
hashan-rathnayaka-58a259141,warner music group,0.05614543764148716
thushan-beneragama-8060097a,libreras crisol,0.05614543764148716
sheralyn-murphy-47421331,arbortech,0.05574027128006622
lars-meyer-94493984,st john the baptist catholic church,0.05533785732663022
ann-louise-terkildsen-817b24152,soulful coaching,0.05533785732663022
haun-nguyen-925b07120,two bulls,0.05493817955110246
bui-giang-87a59017b,else innovations,0.05493817955110246
van-tot-nguyen-8a40a1b0,national oilwell varco tuboscope,0.05493817955110246
van-tot-nguyen-8a40a1b0,sparrow early learning,0.05493817955110246
matt-lawrence-ba-hons-7853a79,edmonton public schools,0.0545412217834222
viviana-janet-acosta-005b99168,pickwick and sprout,0.05336650773391922
mohamed-ibrahim-a64516114,sogeti,0.052596671352203014
sabina-elisson-6a28b693,south32,0.052596671352203014
remon-magdy-4a0665169,oreilly auto parts,0.052596671352203014
sabina-elisson-6a28b693,cobham,0.052596671352203014
fatima-mohammed-5b0ba3146,crave,0.052596671352203014
jakob-str%c3%b6mgren-1aa827179,united safety,0.052596671352203014
fatima-mohammed-5b0ba3146,valentina kaneva,0.052596671352203014
stefan-kalenderov-4ba886164,ceda,0.052596671352203014
stefan-kalenderov-4ba886164,boom construction company,0.052596671352203014
patrik-borg-922b804a,liberty financial pty ltd,0.052596671352203014
hans-kilstr%C3%B6m-9477aa155,net news daily,0.052596671352203014
jarkkorautula,black veatch,0.052596671352203014
mohamed-moustafa-17029170,ccas de menton,0.052596671352203014
parvoleta-s-dinova-0329909b,true digital group,0.052596671352203014
pejman-ghazaeipour-78623b69,cognizant,0.052596671352203014
joshua-erueti-98ba25105,pak suzuki motor company limited,0.052596671352203014
manasik-salah-0b3437134,alcaldia de cantagallo,0.052596671352203014
elin-boyd-59180225,cochlear americas,0.052596671352203014
jarkkorautula,slimming world,0.052596671352203014
sabina-elisson-6a28b693,national oilwell varco tuboscope,0.052596671352203014
pejman-ghazaeipour-78623b69,secomindai,0.052596671352203014
hans-kilstr%C3%B6m-9477aa155,visiting nurse health system hospice atlanta,0.052596671352203014
anchitakumari,guideline inc,0.052596671352203014
mikael-kratz-0b23a5104,mit academy of engineering alandi pune,0.052596671352203014
nahid-abedini-053264a0,esp associates pa,0.052596671352203014
tania-kabola-3b1651208,iknl integraal kankercentrum nederland,0.052596671352203014
malifci16,consultorio privado,0.052596671352203014
dr-hala-el-tawil-049289156,rymlaptopc,0.052596671352203014
parvoleta-s-dinova-0329909b,scottish fishermens federation,0.052596671352203014
mohamed-niskhan-bbb854138,fysio blaauw,0.052596671352203014
sami-ramzy-536933a4,magna electronics,0.052596671352203014
anchitakumari,rymlaptopc,0.052596671352203014
tania-kabola-3b1651208,ministry of educationsalvation army,0.052596671352203014
richard-segerlund-6b84ba15,mrf,0.052596671352203014
malifci16,align technology,0.052596671352203014
moatazhesham,the wesley foundation at louisiana tech university,0.052596671352203014
mohamed-niskhan-bbb854138,access garage doors,0.052596671352203014
richard-pinto-221527196,america dental,0.052596671352203014
lamia-abdelkader-hasan-6a49b249,ctc media inc,0.0522156974612595
thomas-volan-2055655,vision music media entertainment,0.0522156974612595
%E6%85%8E%E4%B8%80%E9%83%8E-%E5%A4%9A%E7%94%B0-97a4911a7,draken europe,0.0522156974612595
ashwin-baswaraj-3b337316a,lipson cosmticos ltda,0.0522156974612595
twinky-rampal-14395154,travel trade group,0.0522156974612595
mahesh-babu-n-7a79a474,kabal,0.0522156974612595
lahcene-ouchene-789085181,financial conduct authority,0.0522156974612595
%E6%85%8E%E4%B8%80%E9%83%8E-%E5%A4%9A%E7%94%B0-97a4911a7,arm,0.0522156974612595
keerthi-j-l-2785a2184,children medical services,0.0522156974612595
lahcene-ouchene-789085181,conpany,0.0522156974612595
rahul-singh-58635936,lufthansa,0.0522156974612595
laurent-clavier-028708bb,samsung semiconductor inc ssi,0.0522156974612595
morten-klementsen-71b68919,delaval,0.0522156974612595
rima-ouichen-97a30a154,team taurus,0.0522156974612595
roberto-merola-baa923103,tritech consult,0.0522156974612595
fethi-miloua-1194a0181,nitaq for actuarial services,0.0522156974612595
helenaacero,nuvance health,0.0522156974612595
guillermopanich,children medical services,0.0522156974612595
ivan-cai-1a864078,agl australia,0.0522156974612595
ravindra-kumar-kanagala-7b45aa122,dusakawi epsi,0.0522156974612595
cedric-dutheil-61856a98,construes casimiro sa,0.0522156974612595
kartik-digital-marketing-web-development,centre de formation dapprentis du btiment saintlambert,0.0522156974612595
hilarubinsteinlevy,3m,0.0522156974612595
md-junaid-ali-601245230,hamad medical corporation,0.0522156974612595
sarabjeet-kaur-934742102,therapets of indianainc,0.0522156974612595
thierry-szkocki-2a1907145,university college london,0.0522156974612595
mathieu-gard-011342176,hako sushi delivery,0.0522156974612595
vinayak-pethe-36012844,resorts world sentosa,0.0522156974612595
hilarubinsteinlevy,miur,0.0522156974612595
liya-ancel-406535133,urban glam siloam springs,0.0522156974612595
christine-hegy-9a47a8106,garanti bbva,0.0522156974612595
mathieu-gard-011342176,draken europe,0.0522156974612595
mar%C3%ADa-de-los-%C3%A1ngeles-p%C3%A9rez-s%C3%A1nchez-a25aaa174,libreras crisol,0.0522156974612595
basavaraj-sajjan-8062b71a1,ittotal sweden ab,0.0522156974612595
basavaraj-sajjan-8062b71a1,ggs engineering services india pvt ltd,0.0522156974612595
cedric-dutheil-61856a98,dondero associates,0.0522156974612595
ravi-pawar-74a16978,lorvik og skjrholm,0.0522156974612595
ramoniq-a26835147,localiza,0.0522156974612595
barak-milel-87765617b,united finance company saog,0.0522156974612595
%E8%B4%A4%E5%86%9B-%E9%82%B5-63b592b2,state farm agent,0.0522156974612595
%E6%85%8E%E4%B8%80%E9%83%8E-%E5%A4%9A%E7%94%B0-97a4911a7,orangetheory fitness,0.0522156974612595
%E8%B4%A4%E5%86%9B-%E9%82%B5-63b592b2,12th ave thrift,0.0522156974612595
rahul-singh-58635936,enfield citizens advice bureau,0.0522156974612595
morten-klementsen-71b68919,ceracare,0.0522156974612595
jes%C3%BAs-de-la-fuente-abru%C3%B1a-358316142,cope occupational health and ergonomic services ltd,0.0522156974612595
bhaskara-varma-namburi-82b153171,pegasus steel usa,0.0522156974612595
lahcene-ouchene-789085181,marks and spencer,0.0522156974612595
tanmoy-basak-2543a797,deloitte,0.0522156974612595
madhura-haval-299806206,amdok,0.0522156974612595
jes%C3%BAs-de-la-fuente-abru%C3%B1a-358316142,randstad,0.0522156974612595
norio-minato-b8408837,reifenhuser gruppe the extrusioneers,0.0522156974612595
ravi-pawar-74a16978,orange education pvt ltd delhi,0.0522156974612595
maia-da-silva,dilko english,0.0522156974612595
bapu-shipping-03646191,erel otomotiv,0.0522156974612595
helene-panas-a4192719,blairstown elementary school,0.0522156974612595
anne-claire-chevalier-7628b1166,indpendante,0.0522156974612595
amandine-ruchon-521a25207,hansa industriemixer gmbh co kg,0.0522156974612595
%E4%BF%8A%E5%8D%BF-%E6%9D%8E-163781130,q2,0.0522156974612595
yanping-xiao-99770484,scottish fishermens federation,0.0522156974612595
liya-ancel-406535133,cloud lounge jakarta,0.0522156974612595
j%C3%BCrgen-c-talloen-98b2a39a,arbortech,0.0522156974612595
lakshmi-muraleedharan-68b186199,vietnam float glass co ltd nsg group viglacera,0.0522156974612595
sampath-kumar-ugane-krishna-iyengar-07941b2a,blue grass community foundation,0.0522156974612595
tanmoy-basak-2543a797,national geographic society,0.0522156974612595
kay-zhang-a34501164,calkins accountancy,0.0522156974612595
enrique-ley-26024022,hilex,0.0522156974612595
vaishanavi-ambure-0695b7204,pmg salik turzlaboratuvar hizm gida san ticltdti,0.0522156974612595
guillermopanich,alnylam pharmaceuticals,0.0522156974612595
madhura-haval-299806206,mgm resorts international,0.0522156974612595
shimon-davino-752841ab,lomas distribution limited,0.0522156974612595
vinayak-pethe-36012844,conpany,0.0522156974612595
bhakti-tiwari-93926a178,two bulls,0.0522156974612595
fanny-hartmann-194ab469,baked advertising,0.0522156974612595
bapu-shipping-03646191,funeral service credit union,0.0522156974612595
praveen-thotakura-8aa0b69b,alnylam pharmaceuticals,0.0522156974612595
lamia-abdelkader-hasan-6a49b249,simply southern,0.0522156974612595
subramanya-m-9007b9182,allianz partners,0.0522156974612595
micha%C3%ABl-martin-curtet-93b437153,city of fort collins,0.0522156974612595
%E8%B4%A4%E5%86%9B-%E9%82%B5-63b592b2,jll,0.0522156974612595
keerthi-j-l-2785a2184,ngc,0.0522156974612595
manuela-dias-b868b29b,wam,0.0522156974612595
%E5%8B%87%E4%BA%BA-%E5%AE%AE%E5%86%85-aab60764,teamblue,0.0522156974612595
anne-claire-chevalier-7628b1166,meadville pines inc dba whispering pines golf course,0.0522156974612595
mathieu-gard-011342176,idevelopment,0.0522156974612595
morgane-remise,east dunbartonshire council,0.0522156974612595
pankaj-sharma-b3253068,na,0.0522156974612595
lamia-abdelkader-hasan-6a49b249,dondero associates,0.0522156974612595
thierry-szkocki-2a1907145,microsoft,0.0522156974612595
guillermopanich,evans associates,0.0522156974612595
visheshsharma608,aragen life sciences,0.0522156974612595
mariappan-77386514b,cloud lounge jakarta,0.0522156974612595
subramanya-m-9007b9182,america dental,0.0522156974612595
keerthi-j-l-2785a2184,at rich bake,0.0522156974612595
chunyang-xu-13a5a1122,psb,0.0522156974612595
ashwin-baswaraj-3b337316a,lebensraumwasser,0.0522156974612595
rima-ouichen-97a30a154,tika trk ibirlii ve koordinasyon ajans,0.0522156974612595
vinod-jadhav-44624217b,the swan at lavenham hotel spa,0.0522156974612595
rima-ouichen-97a30a154,america dental,0.0522156974612595
ashwindermatharu,ascenti,0.0522156974612595
ashwin-baswaraj-3b337316a,garanti bbva,0.0522156974612595
jes%C3%BAs-de-la-fuente-abru%C3%B1a-358316142,cigna,0.0522156974612595
visheshsharma608,roketsan roket sanayii ve ticaret a,0.0522156974612595
helene-panas-a4192719,law offices of matthew nl roach pc,0.0522156974612595
fethi-miloua-1194a0181,kyriba,0.0522156974612595
basavaraj-sajjan-8062b71a1,the beacon bb,0.0522156974612595
sivaprasad-r-nair-78318464,groupm,0.0522156974612595
ravi-pawar-74a16978,nuvasive,0.0522156974612595
kay-zhang-a34501164,natuzil,0.0522156974612595
jos%C3%A9-luis-vidal-saiz-7710a942,meadville pines inc dba whispering pines golf course,0.0522156974612595
fanny-hartmann-194ab469,consultorio privado,0.0522156974612595
rajkumar-kurma-7b2b74141,financial conduct authority,0.0522156974612595
nicolas-duvernois-928aa816,australian institute of professional intelligence officers inc,0.0522156974612595
pon-saravanan-1ba883212,queretaro,0.0522156974612595
ajaz-khan-26a644128,ptria investimentos,0.0522156974612595
jes%C3%BAs-de-la-fuente-abru%C3%B1a-358316142,printing arts,0.0522156974612595
maia-da-silva,alfardan jewellery,0.0522156974612595
albert-rubinov-1157aa66,aram production house,0.0522156974612595
jacob-chevere-364091231,indpendante,0.0522156974612595
amithabh-roy-4752806,sir robert woodard academy,0.0522156974612595
thomas-volan-2055655,genoa healthcare,0.0522156974612595
christine-hegy-9a47a8106,clear channel airport,0.0522156974612595
kanishka-bhattacharya-8450a360,renova,0.0522156974612595
manuela-dias-b868b29b,dottyfield,0.0522156974612595
lmiguelm,vietnam float glass co ltd nsg group viglacera,0.05183733209443181
hendrawan-prasetyo-10812252,saigon tobacco company limited,0.05183733209443181
bagus-satya-mas,construes casimiro sa,0.05183733209443181
mariana-rosa-a833a017a,mcdonalds corporation,0.05183733209443181
lynn-millthorpe-660868115,optoro,0.05183733209443181
kauan-paulo-b29b821a0,queretaro,0.05183733209443181
damoon-tahmasbi,the ritzcarlton hotel company llc,0.05183733209443181
kadari-mwene-kabyana-33b0008b,arup,0.05183733209443181
ameen-zakariya-0383367a,icbc credit suisse investment management,0.05183733209443181
isadora-antonelli-5a56121b5,ask4software limited,0.05183733209443181
gabrijela-gergic-378190224,workac,0.05183733209443181
prikankshit,hermed technische beratungs gmbh,0.05183733209443181
nagylagouveia,the house of abhinandan lodha,0.05183733209443181
damian-wales,century fence construction,0.05183733209443181
paulo-antonini-72903121,ministry of educationsalvation army,0.05183733209443181
helena-bremer-suzin-369a4b34,grupo antares de mxico,0.05183733209443181
alefalmeida,innovega inc,0.05183733209443181
silver-lee-kelly-2852358b,sumida corporation,0.05183733209443181
klitemnistra-sarri-98baa0180,harleydavidson motor company,0.05183733209443181
aadcampos,tnwc,0.05183733209443181
andreia-martins-698344101,america dental,0.05183733209443181
jaime-quezada-7a4bb344,local 33,0.05183733209443181
kevin-matsuki-7255b668,la paridera de ideas,0.05183733209443181
dhwani-joshi-,electrical design and construction,0.05183733209443181
toddwilliamnelson,story wealth management group,0.05183733209443181
cesarfl,arm,0.05183733209443181
kirk-davies,jabatan perkhidmatan awam malaysia,0.05183733209443181
ameen-zakariya-0383367a,renova,0.05183733209443181
daniela-bruno-132855108,arbortech,0.05183733209443181
pablo-herinque-57b515bb,harpercollins publishers,0.05183733209443181
anna-luiza-gibson-387a46b3,areco stockholm ab,0.05183733209443181
retia-kartika-7a251b111,bison transport inc,0.05183733209443181
parminder-singh-733a0a42,klahanie homeowners assn,0.05183733209443181
catherinemcilkenny,century fence construction,0.05183733209443181
damian-wales,faurecia,0.05183733209443181
gert-nachbauer-2a3a98133,ministero dellinterno corpo nazionale dei vigili del fuoco,0.05183733209443181
retia-kartika-7a251b111,han kun law offices,0.05183733209443181
liesbeth-agy-3b550215,wipro,0.05183733209443181
akce-cont-est-65585b175,the fish vine,0.05183733209443181
frenius-siagian-61901810b,graphic designer morten klementsen,0.05183733209443181
eloise-pamela-pusch-037a81135,ggs engineering services india pvt ltd,0.05183733209443181
jezreell-zeidler-b20299176,total wine more,0.05183733209443181
vitor-angelo-364570b7,universidade anhembi morumbi,0.05183733209443181
dr-mohamed-ali-kshad-608049154,webhelp,0.05183733209443181
mariane-silveira-72126b62,blue grass community foundation,0.05183733209443181
lindseyknapton,ggs engineering services india pvt ltd,0.05183733209443181
isadora-antonelli-5a56121b5,evans associates,0.05183733209443181
jabal-nur-b36a7820,colorado twin raising,0.05183733209443181
bianca-souza-241048186,ust global,0.05183733209443181
azeem-sadiq-960580117,evans associates,0.05183733209443181
emilianorezende,motteriffic music photo booth,0.05183733209443181
ameen-zakariya-0383367a,industrial source,0.05183733209443181
lindseyknapton,none,0.05183733209443181
retia-kartika-7a251b111,wood,0.05183733209443181
gerardludovicwan,lam research,0.05183733209443181
marcgrgic,baptist health system ky in,0.05183733209443181
cesarfl,pearl automation,0.05183733209443181
johanna-vucak-3258b339,samsung mobile,0.05183733209443181
adelia-irma-pamasih,siteone landscape supply llc,0.05183733209443181
sankarshan1993,twin cities rse,0.05183733209443181
marcus-mota-755523146,gemeente utrecht,0.05183733209443181
kevin-matsuki-7255b668,innovate the power to create,0.05183733209443181
kimberly-pleasance-6734215b,synchrist network services private limited,0.05183733209443181
mariane-silveira-72126b62,ecorgy solutions pvt ltd,0.05183733209443181
justin-chinakidzwa-fia-cera-ab326164,secomindai,0.05183733209443181
gert-nachbauer-2a3a98133,ailsa sutcliffe training ltd,0.05183733209443181
leandro-amaral-681719168,usaa,0.05183733209443181
ivona-horv%C3%A1th-souralov%C3%A1-505b48b7,stuart williams,0.05183733209443181
jean-charbonneau-436366181,tika trk ibirlii ve koordinasyon ajans,0.05183733209443181
christiane-pedersoli-1ba31a187,limen,0.05183733209443181
klitemnistra-sarri-98baa0180,wam,0.05183733209443181
silver-lee-kelly-2852358b,hcl technologies,0.05183733209443181
davidnadeau,alcaldia de cantagallo,0.05183733209443181
mariane-silveira-72126b62,jubilee foods,0.05183733209443181
christiane-pedersoli-1ba31a187,bristolmyers squibb,0.05183733209443181
anna-luiza-gibson-387a46b3,new york life insurance company,0.05183733209443181
alefalmeida,camjohn,0.05183733209443181
bagus-satya-mas,genoa healthcare,0.05183733209443181
gert-nachbauer-2a3a98133,victorias secret,0.05183733209443181
azeem-sadiq-960580117,fluxwerx illumination inc,0.05183733209443181
kevin-matsuki-7255b668,hermed technische beratungs gmbh,0.05183733209443181
lmiguelm,colorado twin raising,0.05183733209443181
matt-pritchard,healogix,0.05183733209443181
sankarshan1993,at still university school of osteopathic medicine in arizona,0.05183733209443181
shatha-aljohani-637909220,karolinska universitetssjukhuset,0.05183733209443181
hendrawan-prasetyo-10812252,asian institute of gastroenterology,0.05183733209443181
damoon-tahmasbi,richard harrington retirement club,0.05183733209443181
pavla-r%C3%A1zgov%C3%A1-224a2787,rgbsi,0.05183733209443181
kirk-davies,university college london,0.05183733209443181
jim-battis-49939161,bcbsri,0.05183733209443181
gerardludovicwan,ruag ammotec,0.05183733209443181
aadcampos,dsv global transport and logistics,0.05183733209443181
pavla-r%C3%A1zgov%C3%A1-224a2787,arlington vacation rentals,0.05183733209443181
ivona-horv%C3%A1th-souralov%C3%A1-505b48b7,pwc nederland,0.05183733209443181
shatha-aljohani-637909220,construes casimiro sa,0.05183733209443181
johanna-vucak-3258b339,asc elektrik motorlari a,0.05183733209443181
zhamis-adham-96085b13,state of missouri,0.05183733209443181
mariane-silveira-72126b62,federal protective service,0.05183733209443181
kadari-mwene-kabyana-33b0008b,ica maxi,0.05183733209443181
bianca-souza-241048186,ontrac construction associates inc,0.05183733209443181
yurii-chetvertukha-1a3ab9197,technische hochschule ingolstadt,0.05183733209443181
mariana-rosa-a833a017a,jdx eventos e entretenimentos ltda,0.05183733209443181
ned-flanders-8a85a3a1,f hoffmannla roche ltd hired by hays,0.05183733209443181
kimberly-pleasance-6734215b,karachi shipyard engineering works limited,0.05183733209443181
christiane-pedersoli-1ba31a187,crowdstrike,0.05183733209443181
ismael-df-876437a4,tibnor,0.05183733209443181
johanna-vucak-3258b339,the swan at lavenham hotel spa,0.05183733209443181
julia-garcia-antenucci-6077951a6,rawafid industrial,0.05183733209443181
madrid-alexandre-12aa804a,bank of tennessee,0.05183733209443181
kauan-paulo-b29b821a0,tda interiors south central ltd,0.05183733209443181
frenius-siagian-61901810b,universit de fribourguniversitt freiburg,0.05183733209443181
marcgrgic,first freedom llc,0.05183733209443181
ani-baghdasaryan-9964641a4,electrical design and construction,0.05146155957272219
sophia-ngadi-54346631,noom inc,0.05071773066187918
mohamed-ghiati-841871127,farmers alliance companies,0.05071773066187918
benchalh-othmane-95925470,eren fresh fruits vegetables export,0.05071773066187918
adil-grini-303b74163,reliance industries limited,0.05071773066187918
mohamed-ghiati-841871127,distribuidora juguetron,0.05071773066187918
sophia-ngadi-54346631,loadmill,0.05071773066187918
mikhail-polianskii-261a5416b,urban glam siloam springs,0.0503496432286626
co%c5%9fkun-eren-28075266,robinhood,0.0503496432286626
andrew-bell-b6675068,npn drukkers,0.0503496432286626
george-petrea-46aa535b,blairstown elementary school,0.0503496432286626
vittoria-grifagni-89072075,the ritzcarlton hotel company llc,0.0503496432286626
nadiah-shazana-181492135,ogooluwapo services,0.0503496432286626
wayne-sim-673b6b95,arc en ciel,0.0503496432286626
maruf-afridi-739877214,baked advertising,0.0503496432286626
maribel-hernandez-batalla-7658801b7,12th ave thrift,0.0503496432286626
mari%C3%ABlle-spaans-588b64a6,geodis,0.0503496432286626
wille-bj%C3%B6rn-91675a123,iknl integraal kankercentrum nederland,0.0503496432286626
farooq-kavupadath-2a166b130,yda salk,0.0503496432286626
aldin-john-coquilla-b07200113,elastic path,0.0503496432286626
j%C3%BCrgen-sippel-6090b0155,mgm resorts international,0.0503496432286626
lovie-jay-ganaba-7a8335222,express service engineering limited,0.0503496432286626
ruben-wen-27619aa7,oreilly auto parts,0.0503496432286626
claire-sykes-00842528,3blindmiceusacostcograber,0.0503496432286626
co%c5%9fkun-eren-28075266,ultratech cement,0.0503496432286626
r%C4%B1dvan-ye%C5%9Filba%C5%9F-8b121a206,childrens square usa,0.0503496432286626
guadalupe-escobar-a648ab13,htel levesque,0.0503496432286626
fadime-turgut-38772362,tibnor,0.0503496432286626
raphael-jacober-94b120137,may mansion,0.0503496432286626
sandraobergruber,juaneda,0.0503496432286626
sinan-koc-63648a82,meadville pines inc dba whispering pines golf course,0.0503496432286626
marcus-singleton-b779b414,ministero dellinterno corpo nazionale dei vigili del fuoco,0.0503496432286626
davide-ostaldo-1986b062,genoa healthcare,0.0503496432286626
michael-g%C3%B6tz-5710b212,city of fort collins,0.0503496432286626
marcus-singleton-b779b414,two bulls,0.0503496432286626
marcus-singleton-b779b414,oreilly auto parts,0.0503496432286626
marcel-cevaal-7a735422a,lipson cosmticos ltda,0.0503496432286626
olgay-siyahoglu-778a495b,national oilwell varco tuboscope,0.0503496432286626
angel-solis-quijada-7728b3135,mystic cottage furniture,0.0503496432286626
peter-p%C3%BCtzer-6b3b21145,ust,0.0503496432286626
sandro-gardelli-14861484,reliance industries limited,0.0503496432286626
a-g%C3%B6khan-%C3%A7imen-2b0365100,nanyang business school,0.0503496432286626
dominik-welcker-b32339147,han kun law offices,0.0503496432286626
raphael-jacober-94b120137,nitaq for actuarial services,0.0503496432286626
erika-sl%C3%A9herov%C3%A1-8a6792125,parker hannifin,0.0503496432286626
loo-jia-liang-2134aa26,emmanuel cathedral denis hurley centre,0.0503496432286626
alessandra-panseri-541b50144,johnson johnson,0.0503496432286626
a-g%C3%B6khan-%C3%A7imen-2b0365100,bolcast sl,0.0503496432286626
wille-bj%C3%B6rn-91675a123,sacred heart medical center,0.0503496432286626
alma-rose-daaca-5186bb206,heavy metal kids,0.0503496432286626
wayne-sim-673b6b95,esp associates pa,0.0503496432286626
berkay-filiz-b09960175,umowa zleceniefreelancing,0.0503496432286626
larry-erum-751a7b1a7,at still university school of osteopathic medicine in arizona,0.0503496432286626
chan-xianhao-905228142,at still university school of osteopathic medicine in arizona,0.0503496432286626
yasin-ceylan-02749119b,impress promotional wear ltd,0.0503496432286626
peilinlee,globant,0.0503496432286626
nikoletta-zosimidou-5890b91ba,urban glam siloam springs,0.0503496432286626
thomas-gambke-342a7411b,mitie,0.0503496432286626
stein-van-beusekom-5aa50515b,majorel spain job,0.0503496432286626
guadalupe-escobar-a648ab13,vorwerk cs ks thermomix,0.0503496432286626
zulhairimohdnasir,st john the baptist catholic church,0.0503496432286626
ktybarrantes,bison transport inc,0.0503496432286626
selim-amuroglu-789420141,pegasus steel usa,0.0503496432286626
lore-geduhn-58978171,roundedcom,0.0503496432286626
sinan-koc-63648a82,national oilwell varco tuboscope,0.0503496432286626
ruben-wen-27619aa7,fysio blaauw,0.0503496432286626
fadime-turgut-38772362,technische hochschule ingolstadt,0.0503496432286626
marcus-singleton-b779b414,sketch consultancy,0.0503496432286626
r%C4%B1dvan-ye%C5%9Filba%C5%9F-8b121a206,net news daily,0.0503496432286626
zulhelmi-salahudin-323b3b170,infor,0.0503496432286626
lore-geduhn-58978171,catholic education rockhampton,0.0503496432286626
rrondini,arrow electronics,0.0503496432286626
vilahong-nicz-828068175,design atelierurbis,0.0503496432286626
marcela-rodr%c3%adguez-10a35a26,ashfield part of udg healthcare,0.0503496432286626
erika-sl%C3%A9herov%C3%A1-8a6792125,primerica,0.0503496432286626
zulhelmi-salahudin-323b3b170,absa group,0.0503496432286626
r%C4%B1dvan-ye%C5%9Filba%C5%9F-8b121a206,ecorgy solutions pvt ltd,0.0503496432286626
suemy-priscila-herna-mendoza-21531267,tibnor,0.0503496432286626
ulrike-burckhardt-831144142,grazette,0.0503496432286626
matthias-schmidt-59415167,fresenius medical care north america,0.0503496432286626
selim-amuroglu-789420141,johnson johnson,0.0503496432286626
farooq-kavupadath-2a166b130,story wealth management group,0.0503496432286626
christianzerial,judge sykes frixou,0.0503496432286626
ingo-k%C3%BCgler-828a58135,st michel biscuits,0.0503496432286626
anabel-pangalangan-6496095a,mitt,0.0503496432286626
katharina-feidner,stratosphere it services pvt ltd,0.0503496432286626
cesar-garibay-133182226,exceptional therapies,0.0503496432286626
marcel-cevaal-7a735422a,charter nex films inc,0.0503496432286626
carla-al-ahmadieh-371861130,team taurus,0.0503496432286626
daandeweger,delta rural consulting srl,0.0503496432286626
lore-geduhn-58978171,alten sweden,0.0503496432286626
martina-jauch-6189ba1b8,oracle,0.0503496432286626
alessandra-panseri-541b50144,midatlantic anesthesia associates,0.0503496432286626
chan-xianhao-905228142,all personal inc,0.0503496432286626
susan-blaauw-5852ab83,therapets of indianainc,0.0503496432286626
claire-sykes-00842528,travel trade group,0.0503496432286626
zulhairimohdnasir,enercon llc,0.0503496432286626
ursula-kapfer-11b5b813,self employeed,0.0503496432286626
paco-osuna-75844176,asus,0.0503496432286626
ana-granados-guzm%C3%A1n-071787151,else innovations,0.0503496432286626
zulhelmi-salahudin-323b3b170,zion builders ltd,0.0503496432286626
marcus-singleton-b779b414,smartet tech coltd,0.0503496432286626
zulhelmi-salahudin-323b3b170,fresenius medical care north america,0.0503496432286626
mikhail-polianskii-261a5416b,sunlight interiors and exhibitions,0.0503496432286626
franziska-h%C3%A4mmerli-305251126,asus,0.0503496432286626
adam-ag-1a924690,metropolitan transit authority of harris county,0.0503496432286626
jiji-mathews-3b312817,pricewaterhousecoopers service delivery center pwc sdc,0.0503496432286626
berkay-filiz-b09960175,access garage doors,0.0503496432286626
selim-amuroglu-789420141,pickwick and sprout,0.0503496432286626
massimo-petronzio-755281175,daisybill,0.0503496432286626
martina-jauch-6189ba1b8,vrbo,0.0503496432286626
michael-g%C3%B6tz-5710b212,impress promotional wear ltd,0.0503496432286626
sandro-gardelli-14861484,rochester software associates,0.0503496432286626
alfredo-rueda-abb82111a,stuart williams,0.0503496432286626
paco-osuna-75844176,esp associates pa,0.0503496432286626
co%c5%9fkun-eren-28075266,lc waikiki,0.0503496432286626
anthony-bergel-06b76347,us bank,0.0503496432286626
ibrahimkabil,university of south florida health,0.0503496432286626
anthony-bergel-06b76347,the reading hospital and medical center,0.0503496432286626
lovie-jay-ganaba-7a8335222,st peters hospice bristol,0.0503496432286626
andrew-bell-b6675068,grazette,0.0503496432286626
larry-erum-751a7b1a7,karachi shipyard engineering works limited,0.0503496432286626
laura-rohr-555204130,printing arts,0.0503496432286626
farah-irtahi-70a64885,psb,0.0503496432286626
angel-solis-quijada-7728b3135,west midlands adcs network,0.0503496432286626
nirmal-das-65992a54,deloitte consulting,0.0503496432286626
rahmi-ayaz-77803564,system high corporation,0.0503496432286626
maribel-hernandez-batalla-7658801b7,ifapme lige,0.0503496432286626
nikoletta-zosimidou-5890b91ba,nhs confederation,0.0503496432286626
anabel-pangalangan-6496095a,ashfield part of udg healthcare,0.0503496432286626
dominik-welcker-b32339147,deloitte consulting,0.0503496432286626
lotte-versteegen-602762202,casaro dos reparos,0.0503496432286626
margot-bon-51a04624,sparrow early learning,0.0503496432286626
vittoria-grifagni-89072075,wearmart,0.0503496432286626
jiji-mathews-3b312817,university of alabama at birmingham,0.0503496432286626
manfred-gro%C3%9Fmann-a55518156,deloitte,0.0503496432286626
co%c5%9fkun-eren-28075266,samsung mobile,0.0503496432286626
co%c5%9fkun-eren-28075266,beit hair museum,0.0503496432286626
stein-van-beusekom-5aa50515b,alcaldia de cantagallo,0.0503496432286626
berkay-filiz-b09960175,neta training,0.0503496432286626
a-g%C3%B6khan-%C3%A7imen-2b0365100,bretherton law,0.0503496432286626
anna-angelozzi-0149541b8,metlifecare,0.0503496432286626
wayne-sim-673b6b95,score group plc,0.0503496432286626
angel-solis-quijada-7728b3135,jdx eventos e entretenimentos ltda,0.0503496432286626
erika-sl%C3%A9herov%C3%A1-8a6792125,db schenker,0.0503496432286626
peter-p%C3%BCtzer-6b3b21145,deloitte,0.0503496432286626
suemy-priscila-herna-mendoza-21531267,liebherr group,0.0503496432286626
a-g%C3%B6khan-%C3%A7imen-2b0365100,virgina tech,0.0503496432286626
michel-schoonen-959b792a,hospital drparoissien,0.0503496432286626
fadime-turgut-38772362,icbc credit suisse investment management,0.0503496432286626
paco-osuna-75844176,twin cities rse,0.0503496432286626
mikhail-polianskii-261a5416b,tectika,0.0503496432286626
marcus-singleton-b779b414,allied dermatology,0.0503496432286626
merle-seifert-6852ba1a6,brewers fare,0.0503496432286626
cesar-garibay-133182226,ruag ammotec,0.0503496432286626
adam-ag-1a924690,rochester software associates,0.0503496432286626
aleahvaske,funeral service credit union,0.049984086552841915
donald-gardner-6538b4103,willis towers watson,0.049984086552841915
meg-leader-87bb4072,garanti bbva,0.049984086552841915
maggie-muske-32630312,the manufacturing institute,0.049984086552841915
ssgt-mastran-mastran-95a43532,bfp services,0.049984086552841915
brianjdee,dragon china kitchen,0.049984086552841915
tony-diaz-a9599087,karolinska universitetssjukhuset,0.049984086552841915
andycwong,servpro of middletownspringboro,0.049984086552841915
zachary-powers-56b83b68,pathgroup,0.049984086552841915
wyatt-craig-0004a815a,richard harrington retirement club,0.049984086552841915
angelafunovits,laura kaplan lcsw,0.049984086552841915
paul-nelson-b638504,cc industries inc,0.049984086552841915
nash-sherry-2764ab74,department of education,0.049984086552841915
chris-hilleary-98b411b,weichert realtors,0.049984086552841915
yirska-sardinas-9a1a879,mitt,0.049984086552841915
brianjdee,pickwick and sprout,0.049984086552841915
matthew-mcilvenna-6466807a,oracle,0.049984086552841915
anthony-cordeiro-41857b6b,felb,0.049984086552841915
jamar-edge-b59567189,standard process inc,0.049984086552841915
matthew-vincent-dirkes,infor,0.049984086552841915
kevinbusque,sonos inc,0.049984086552841915
evan-l-graham-phd-b52428159,ready electric company inc,0.049984086552841915
markdidolci,price waterhouse coopers pwc,0.049984086552841915
brendan-ho-a676701a0,safe harbor development,0.049984086552841915
quenten-thomas-710515a5,grants pass clinic,0.049984086552841915
bob-zanlungo-9273524,the town of weston,0.049984086552841915
danswayne,mitt,0.049984086552841915
lina-del-mundo-aa57317b,printing arts,0.049984086552841915
gaspare-artale-3343bb148,mz master services,0.049984086552841915
adam-goto-6419038b,spartanos fitness,0.049984086552841915
ronna-cohen-2a814016,sir robert woodard academy,0.049984086552841915
erika-sheppard-01707245,mystic cottage furniture,0.049984086552841915
tim-carter-73a9939,applied materials,0.049984086552841915
andy-ambrus-467a635,australian institute of professional intelligence officers inc,0.049984086552841915
sarahleenyc,pt bumitama gunajaya agro ltd,0.049984086552841915
mitchell-chugunov-76931012b,tyler casey design,0.049984086552841915
sherry-strole-34408835,randstad,0.049984086552841915
marc-gruben-6315466,department of education,0.049984086552841915
kubacki-tish-3269977a,shutts bowen llp,0.049984086552841915
ken-comeiro-06a1a43b,universit parissaclay,0.049984086552841915
melissa-sninsky-13a6a08b,wearmart,0.049984086552841915
brian-lord-63078689,cyient,0.049984086552841915
dale-evans-2219b697,sandersons,0.049984086552841915
mark-metzger-a7232120,marwa,0.049984086552841915
dale-evans-2219b697,dragon china kitchen,0.049984086552841915
mourad-elhachimi-a1b966aa,nilam sharma ltdkeystone law,0.049984086552841915
ana-burleson-62654850,geodis,0.049984086552841915
alan-brockington-378a861a2,sandisk,0.049984086552841915
mike-holt-910a8688,faurecia,0.049984086552841915
nafeemahmed,travel trade group,0.049984086552841915
dale-evans-2219b697,alshaya group,0.049984086552841915
jonathan-white-2959341,hca healthcare,0.049984086552841915
giteshpatel21,flynth adviseurs en accountants,0.049984086552841915
thomas-cella-sr-33b6287,mystic cottage furniture,0.049984086552841915
anita-d-manalang-2568264b,shawahig engineering co,0.049984086552841915
brian-washington-71058519,farm bureau insurance of tennessee,0.049984086552841915
marc-gruben-6315466,education center be here,0.049984086552841915
katelynn-ramirez-09722413a,alten sweden,0.049984086552841915
matt-buller-036b17238,emilio ribas,0.049984086552841915
sherry-strole-34408835,indpendante,0.049984086552841915
nickrramos,prestige worldwide industries,0.049984086552841915
idoco,allianz partners,0.049984086552841915
christina-murdzek,clark university,0.049984086552841915
rose-hodel-a0815023,universal container corporation,0.049984086552841915
tracyeform,rouge valley hemp company,0.049984086552841915
christy-gonzalez-8189383a,siemens healthineers,0.049984086552841915
keith-freeman-379a1111,education design lab,0.049984086552841915
khalilahmaraym,prodam,0.049984086552841915
carmel-donohue-8b288214a,gianbel italia,0.049984086552841915
jeancooi,12th ave thrift,0.049984086552841915
angelafunovits,health i life i real estate advisor,0.049984086552841915
daniel-turnipseed-69431462,einsteins autoskola,0.049984086552841915
jameswalshtexas,arup,0.049984086552841915
austin-townsend-2405a6120,general dynamics ordnance and tactical systems,0.049984086552841915
sarah-pedersen-58417051,amarillo college,0.049984086552841915
dave-marston-1b611a6,network rail,0.049984086552841915
russstory,pism,0.049984086552841915
samuel-hopkins-6b773665,autosmart dartford,0.049984086552841915
chris-hilleary-98b411b,jackson pediatric associates,0.049984086552841915
becky-gibbs-a928b28b,siemens,0.049984086552841915
mark-metzger-a7232120,gianbel italia,0.049984086552841915
migdalia-maggie-p%C3%A9rez-mpgraphicdesign-65b717b0,ifapme lige,0.049984086552841915
donna-bianchi-06,iknl integraal kankercentrum nederland,0.049984086552841915
mourad-elhachimi-a1b966aa,travel leaders corporate llc,0.049984086552841915
ashleymcuadrado,penske automotive group,0.049984086552841915
rebecca-daniels-32aa6087,design atelierurbis,0.049984086552841915
migdalia-maggie-p%C3%A9rez-mpgraphicdesign-65b717b0,the swag,0.049984086552841915
shawn-menz-2b15886,ask4software limited,0.049984086552841915
jessica-huhn-1b150036,at still university school of osteopathic medicine in arizona,0.049984086552841915
pernell-jordan-b05216116,dyp transportation inc,0.049984086552841915
marybeth-mcclain-714881b4,miro,0.049984086552841915
aj-godbolt-ba777a24,enchant,0.049984086552841915
briankdunn,delaval,0.049984086552841915
lina-del-mundo-aa57317b,shawahig engineering co,0.049984086552841915
anthony-korda-48006413b,ittotal sweden ab,0.049984086552841915
jeffrey-levy-16318b68,unicorn 1transportation,0.049984086552841915
scott-mueller-85ba73a,essity,0.049984086552841915
marybeth-mcclain-714881b4,the ritzcarlton hotel company llc,0.049984086552841915
angelafunovits,heavy metal kids,0.049984086552841915
angelafunovits,optoro,0.049984086552841915
james-bowe-26a6515,a local hospital,0.049984086552841915
donis-long-35839aab,us navy,0.049984086552841915
mark-gianeskis-2176aa38,frigorfico guadalupe,0.049984086552841915
aaron-rodzinak-6005403,na,0.049984086552841915
sonya-paxton-482374156,enfield citizens advice bureau,0.049984086552841915
james-green-35a9444,first freedom llc,0.049984086552841915
jared-barlow,twin cities rse,0.049984086552841915
matthew-thompson-a3b194129,american century investments,0.049984086552841915
joaquin-quintana-9956818b,cisco,0.049984086552841915
murtaza-kachwala,zaldivar child consultant agency,0.049984086552841915
harris-kaplan-a62b993,o brilhante despertar,0.049984086552841915
whoismikeward,infomotion gmbh,0.049984086552841915
andycwong,alcaldia de cantagallo,0.049984086552841915
frank-foster-7906ba31,ministrio pblico do estado de minas gerais,0.049984086552841915
mark-s-tuttle-b835191ba,indpendante,0.049984086552841915
doug-gundersen-81050b8,ghana cocobod ched,0.049984086552841915
tomas-aldana-101566186,veyance technologies inc continental contitech,0.049984086552841915
james-t-davis-14251284,performance automotive inc,0.049984086552841915
cynthia-heimlich-b3334880,ministry of educationsalvation army,0.049984086552841915
ivonne-estela-ramos-dimas-23773b202,peace research institute frankfurt,0.049984086552841915
carmel-donohue-8b288214a,cloud lounge jakarta,0.049984086552841915
robert-lancar-029790a4,its sal offshore africa,0.049984086552841915
minju-hong-bsn-rn-1a7801239,its sal offshore africa,0.049984086552841915
jonathan-white-2959341,first freedom llc,0.049984086552841915
lakeysha-frazier-bosley-a0209165,convista consulting,0.049984086552841915
marc-gruben-6315466,enfield citizens advice bureau,0.049984086552841915
deepakori,udaancom,0.049984086552841915
tim-carter-73a9939,erhvervsstyrelsen,0.049984086552841915
ben-polimer-a6b30916,garanti bbva,0.049984086552841915
scott-goodwin-739023ab,electrical design and construction,0.049984086552841915
pernell-jordan-b05216116,razor sharp fitness,0.049984086552841915
jaquin-fred-061a7a2a,state of missouri,0.049984086552841915
eric-jones-991892161,ego pharmaceuticals,0.049984086552841915
pratikshapawar,olive jobs,0.049984086552841915
kelsey-mccarthy,urban glam siloam springs,0.049984086552841915
randy-holliday-4ab52b29,rdc et canada,0.049984086552841915
katelynn-ramirez-09722413a,none,0.049984086552841915
justin-boggs-b7750a36,ism services incorporated,0.049984086552841915
zaira-torres-91003a1aa,infosys,0.049984086552841915
murtaza-kachwala,biomrieux,0.049984086552841915
adamtarbox,evans associates,0.049984086552841915
julio-puente-370a1157,open arms veterans families counselling,0.049984086552841915
cort-dondero-0ba6779,hello media ltd,0.049984086552841915
adarsh-rajks,esval sa,0.049984086552841915
jodi-kohlruss-679855234,ultratech cement,0.049984086552841915
bill-casey-94768476,brodiegraphics,0.049984086552841915
robert-hillman-b89b07116,oman air,0.049984086552841915
savio-jose-63556362,vision music media entertainment,0.049984086552841915
teunis-westbroek-a4b05b102,zdravotnci a zchrani primrn pe,0.049984086552841915
andycwong,enfield citizens advice bureau,0.049984086552841915
harold-schmidt-a189b6110,talkback uk,0.049984086552841915
austin-lipps-375699230,jeanpeau,0.049984086552841915
sarah-mcqueen-3bb78218,la sanitaria di aleucci,0.049984086552841915
nathan-thai-61b503242,cope occupational health and ergonomic services ltd,0.049984086552841915
linda-williams-9b871b191,abu qir petrolum,0.049984086552841915
kelsey-mccarthy,sketch consultancy,0.049984086552841915
james-green-35a9444,saga communications,0.049984086552841915
carynmargolin,slimming world,0.049984086552841915
artofai,saga communications,0.049984086552841915
sarah-pedersen-58417051,abu dhabi commercial bank,0.049984086552841915
kyle-scott-4438b61b7,catalina components inc,0.049984086552841915
ryan-dettman-8412906b,electrical design and construction,0.049984086552841915
stacey-spinetti,db schenker,0.049984086552841915
trisha-sierras-bb099a52,the korda law firm,0.049984086552841915
freda-dixon-473b388a,htel levesque,0.049984086552841915
caleb-kirschman,federal protective service,0.049984086552841915
rose-hodel-a0815023,mitt,0.049984086552841915
shakeel-ahmed-59311b114,nhs confederation,0.049984086552841915
thomas-cella-sr-33b6287,catalina components inc,0.049984086552841915
diamond-johnson-516028b5,elizabeth carter,0.049984086552841915
stevenrosschmm,carolina rush soccer,0.049984086552841915
kelly-jo-kucirek-8075b039,calzado baker,0.049984086552841915
sally-barber-981147,life line screening,0.049984086552841915
ken-hoffman-553587101,crane worldwide logistics,0.049984086552841915
lori-yeich-199278103,brodiegraphics,0.049984086552841915
harrison-ainsworth-5b42b951,pt fonterra brands indonesia,0.049984086552841915
duncanperry,combined insurance,0.049984086552841915
paul-callahan-1b19bb96,etisalat egypt,0.049984086552841915
stuart-williams-llc-21151212,atos,0.049984086552841915
harris-kaplan-a62b993,karina lyburn,0.049984086552841915
lisa-delpizzo-31a0123a,a local hospital,0.049984086552841915
brandon-sanchez-9381791b0,deloitte consulting,0.049984086552841915
andy-ambrus-467a635,marvalous,0.049984086552841915
brianjdee,konrad adenauer stiftung,0.049984086552841915
lorie-abee-5351b8a,bison transport inc,0.049984086552841915
hans-knutzen-90135b42,coachecom,0.049984086552841915
phil-manno-ba9b6073,erth corporation,0.049984086552841915
satish-chavan-49b6765a,roundedcom,0.049984086552841915
nicole-frazier-73360082,ica maxi,0.049984086552841915
simon-hawkes-366b8220a,york university,0.049984086552841915
scott-pentzer-853907159,federal public defender,0.049984086552841915
mmihelcichomes,novartis,0.049984086552841915
ken-comeiro-06a1a43b,waterloo central school,0.049984086552841915
eric-tillett-5a0643183,hamad medical corporation,0.049984086552841915
kane-ogle-576580101,personnal,0.049984086552841915
heather-sampson-4955685a,hako sushi delivery,0.049984086552841915
jameswalshtexas,proofpoint,0.049984086552841915
ellen-oneill,microsoft,0.049984086552841915
shayna-mallat,linxon,0.049984086552841915
eric-tillett-5a0643183,serpro servio federal de processamento de dados,0.049984086552841915
frank-mercer-23120aa0,food lion,0.049984086552841915
markdidolci,cope occupational health and ergonomic services ltd,0.049984086552841915
jaquin-fred-061a7a2a,sandersons,0.049984086552841915
donis-long-35839aab,univesity of nebraskalincoln,0.049984086552841915
michael-merselis-52055411a,the philosophy of ajanoi,0.049984086552841915
phil-manno-ba9b6073,workac,0.049984086552841915
grohatgi,olive jobs,0.049984086552841915
austin-townsend-2405a6120,asian institute of gastroenterology,0.049984086552841915
donna-bianchi-06,btk befrachtungs und transportkontor,0.049984086552841915
lauramurach,vision music media entertainment,0.049984086552841915
rose-hodel-a0815023,neta training,0.049984086552841915
monika-tomasch-02104931,bfp services,0.049984086552841915
jonathan-white-2959341,dondero associates,0.049984086552841915
christopher-hastings-2ba5595,carne group,0.049984086552841915
christopher-palmer-ei-77479b93,pearl automation,0.049984086552841915
shannonlabout,siemens healthineers,0.049984086552841915
laura-tebo-3b80b239,flexhive by hudson,0.049984086552841915
whoismikeward,university of south florida health,0.049984086552841915
brendan-ho-a676701a0,wma,0.049984086552841915
james-bowe-26a6515,general dynamics ordnance and tactical systems,0.049984086552841915
tracyeform,sunlight interiors and exhibitions,0.049984086552841915
jonathan-white-2959341,aldi stores australia,0.049984086552841915
adamtarbox,mashreq bank,0.049984086552841915
chris-conrad-9b025b89,pmg salik turzlaboratuvar hizm gida san ticltdti,0.049984086552841915
carlsopc,region gvleborg,0.049984086552841915
brianjdee,emilio ribas,0.049984086552841915
tracy-pennebaker-2b705043,rio tinto,0.049984086552841915
allison-becker-84117462,hettich instruments,0.049984086552841915
john-charest-b4459873,na,0.049984086552841915
jeancooi,talkback uk,0.049984086552841915
darrell-spencer-8a599432,merchants bonding company,0.049984086552841915
jonathan-bisset-7511b351,mioro,0.049984086552841915
quenten-thomas-710515a5,w l gore associates,0.049984086552841915
erika-sheppard-01707245,the reading hospital and medical center,0.049984086552841915
tony-diaz-a9599087,tomtom,0.049984086552841915
aleahvaske,linxon,0.049984086552841915
pernell-jordan-b05216116,nhs confederation,0.049984086552841915
sally-barber-981147,health i life i real estate advisor,0.049984086552841915
gail-fride-dwyer,novartis,0.049984086552841915
harris-kaplan-a62b993,american heart association,0.049984086552841915
christy-gonzalez-8189383a,excel tutoring,0.049984086552841915
martha-mercado-874640123,univesity of nebraskalincoln,0.049984086552841915
artofai,ihw ingenieurbro huber gmbh,0.049984086552841915
eli-schron-5a6b7115,pathways,0.049984086552841915
ana-burleson-62654850,turner construction company,0.049984086552841915
domenick-degennaro-aa0474b1,jubilee foods,0.049984086552841915
john-sutter-0069677b,quality air duct cleaning,0.049984086552841915
kerry-parker-9998a526,hexaware technologies,0.049984086552841915
makenzie-carter-80a366a4,milacron,0.049984086552841915
matthew-culajay-b95b1213b,universit laval,0.049984086552841915
stanleyhuang-,piotr jankiewicz coach for more,0.049984086552841915
eli-schron-5a6b7115,wirelesscar,0.049984086552841915
holly-fereday-943a4683,guideline inc,0.049984086552841915
carynmargolin,education ducation,0.049984086552841915
allison-becker-84117462,kyabram district health services,0.049984086552841915
stanleyhuang-,allianz partners,0.049984086552841915
kevinbusque,freelance graphic designerartworker,0.049984086552841915
christy-gonzalez-8189383a,zurich generalagentur patrick kng,0.049984086552841915
christy-gonzalez-8189383a,calkins accountancy,0.049984086552841915
yan-eric-wang-68226124,ardea partners,0.049984086552841915
nbr-nbr-43240b186,cognizant,0.049984086552841915
nbr-nbr-43240b186,regency drt,0.049984086552841915
kane-ogle-576580101,sl nusbaum realty co,0.049984086552841915
maricela-sandoval-1b693756,us navy,0.049984086552841915
carli-tyson,red hat,0.049984086552841915
danswayne,pathgroup,0.049984086552841915
caleb-kirschman,graphic designer morten klementsen,0.049984086552841915
nickrramos,zurich insurance company ltd,0.049984086552841915
anthony-korda-48006413b,tesy,0.049984086552841915
gokulakrishnan-jayakrishnan-a649b317,college of southern nevada,0.049984086552841915
alisa-poe-858ba024,technische hochschule ingolstadt,0.049984086552841915
carli-tyson,danieli group,0.049984086552841915
ken-hoffman-553587101,emilio ribas,0.049984086552841915
melville-misayah-758144b9,ego pharmaceuticals,0.049984086552841915
alisa-poe-858ba024,jdx eventos e entretenimentos ltda,0.049984086552841915
jon-jensen-155b0017a,the joshua chamberlain society,0.049984086552841915
jared-barlow,teamblue,0.049984086552841915
kelsey-mccarthy,technische hochschule ingolstadt,0.049984086552841915
katelynn-ramirez-09722413a,razor sharp fitness,0.049984086552841915
charlie-cowden-b2a2aa42,crane worldwide logistics,0.049984086552841915
marybeth-mcclain-714881b4,carne group,0.049984086552841915
bob-zanlungo-9273524,hubert burda media,0.049984086552841915
michelle-ehrhardt-ma-cpcs-25864530,university college london,0.049984086552841915
ken-comeiro-06a1a43b,price waterhouse coopers pwc,0.049984086552841915
cort-dondero-0ba6779,system high corporation,0.049984086552841915
jami-fordice-86547663,united finance company saog,0.049984086552841915
linda-williams-9b871b191,hartford healthcare medical group,0.049984086552841915
andy-rhodes-11117946,biomrieux,0.049984086552841915
bob-borgia-bb08b729,npn drukkers,0.049984086552841915
theodore-gram-568ab48a,hako sushi delivery,0.049984086552841915
meg-leader-87bb4072,idevelopment,0.049984086552841915
anntulintseff,enercon llc,0.049984086552841915
sherry-strole-34408835,cisco,0.049984086552841915
darrell-spencer-8a599432,bokoni platinum mines pty ltd,0.049984086552841915
robert-lancar-029790a4,biomrieux,0.049984086552841915
carlton-frank-6bba271b3,two bulls,0.049984086552841915
markdidolci,fain ascensores,0.049984086552841915
marybeth-mcclain-714881b4,pism,0.049984086552841915
kubacki-tish-3269977a,talkback uk,0.049984086552841915
anita-rodriguez-25585874,wood,0.049984086552841915
austin-lipps-375699230,faurecia,0.049984086552841915
ronna-cohen-2a814016,universit de fribourguniversitt freiburg,0.049984086552841915
haris-nadeem,imperial college london,0.049984086552841915
yirska-sardinas-9a1a879,o brilhante despertar,0.049984086552841915
ronna-cohen-2a814016,saigon tobacco company limited,0.049984086552841915
jessica-huhn-1b150036,ready electric company inc,0.049984086552841915
andrew-tijerina-12706517b,keybank,0.049984086552841915
anthony-korda-48006413b,taranaki district health board,0.049984086552841915
roger-saxton-09b70517,srishti digilife pvt ltd,0.049984086552841915
evan-l-graham-phd-b52428159,coldwell banker the real estate group,0.049984086552841915
sherry-strole-34408835,buyin,0.049984086552841915
john-sutter-0069677b,hettich instruments,0.049984086552841915
joy-h-lewis-do-phd-bb5aa510,cronos europa,0.049984086552841915
krystal-debaker-1477653a,painter,0.049984086552841915
ken-comeiro-06a1a43b,htel levesque,0.049984086552841915
gregory-rankins-7a3a8756,clear channel airport,0.049984086552841915
ssgt-mastran-mastran-95a43532,redpep textile,0.049984086552841915
mark-russell-63b3449,drger,0.049984086552841915
ellen-oneill,eren fresh fruits vegetables export,0.049984086552841915
carlton-frank-6bba271b3,education ducation,0.049984086552841915
terynce-butts-4145766a,dignity health,0.049984086552841915
thomyiawright,npn drukkers,0.049984086552841915
john-bailey-baa94716,harleydavidson motor company,0.049984086552841915
lorie-abee-5351b8a,ptindonic tangerang investment,0.049984086552841915
garrett-white-484b5242,american heart association,0.049984086552841915
shayna-mallat,pmg salik turzlaboratuvar hizm gida san ticltdti,0.049984086552841915
matthew-thompson-a3b194129,mcub architectes,0.049984086552841915
matthew-thompson-a3b194129,the wesley foundation at louisiana tech university,0.049984086552841915
sean-molloy-921bba177,lufthansa global business services gmbh,0.049984086552841915
martha-mercado-874640123,sketch consultancy,0.049984086552841915
nicole-frazier-73360082,rawafid industrial,0.049984086552841915
kerri-motter-3a16b51a,excel tutoring,0.049984086552841915
kubacki-tish-3269977a,marks and spencer,0.049984086552841915
allison-becker-84117462,sweco,0.049984086552841915
bogolubrecords,the swag,0.049984086552841915
shirley-craig-7a89ba15b,university of new mexico,0.049984086552841915
giteshpatel21,mioro,0.049984086552841915
brian-washington-71058519,cyient,0.049984086552841915
sean-molloy-921bba177,ministry of health and population of egypt,0.049984086552841915
daniel-turnipseed-69431462,mcub architectes,0.049984086552841915
steve-kristjanson-8173812a,jatis mobile,0.049984086552841915
emrecruit,dunn executive services,0.049984086552841915
ben-polimer-a6b30916,jubilee foods,0.049984086552841915
caleb-kirschman,general dynamics ordnance and tactical systems,0.049984086552841915
harrison-ainsworth-5b42b951,lufthansa global business services gmbh,0.049984086552841915
lakeysha-frazier-bosley-a0209165,randstad,0.049984086552841915
erika-sheppard-01707245,cochlear americas,0.049984086552841915
carynmargolin,city of fort collins,0.049984086552841915
sonora-park-hotel-blackpool-a289a072,quantum health,0.04962104527066433
sebastian-suarezp,attenti,0.04962104527066433
spikejepson,barsel,0.04962104527066433
ziv-shadar-4959511,cognizant,0.04962104527066433
phillip-von-der-linden-18bb18206,a local hospital,0.04962104527066433
zephyr-charles-moss-0929751b7,casaro dos reparos,0.04962104527066433
angie-g%C3%B3ngora-91325b221,none,0.04962104527066433
susannah-bramall-931b9117a,btk befrachtungs und transportkontor,0.04962104527066433
nick-burquest-909017212,cognizant,0.04962104527066433
david-rowan-674164115,johnson johnson insurance,0.04962104527066433
stephanie-case-31603b2a,regency drt,0.04962104527066433
malapateng-teka-bab797195,ebay small business,0.04962104527066433
jenii-robinson-33a244155,options for all,0.04962104527066433
clint-peters-a140519b,lkw walter internationale transportorganisation ag,0.04962104527066433
lynsey-jackson-88094a90,king spalding,0.04962104527066433
sonora-park-hotel-blackpool-a289a072,kyabram district health services,0.04962104527066433
magda-ortiz-57771066,procter gamble,0.04962104527066433
beibei-du-266459aa,coldwell banker the real estate group,0.04962104527066433
richard-harrington-78690a51,the town of weston,0.04962104527066433
gary-smith-ba38b617,tuciudadenredcom,0.04962104527066433
barbara-lavelle-36893814b,general dynamics ordnance and tactical systems,0.04962104527066433
pryesh-bhatt-573231b4,lc waikiki,0.04962104527066433
pete-hopkins-69745927,asian institute of gastroenterology,0.04962104527066433
adambbuckley,bader ahmed kaiksow group,0.04962104527066433
andrea-salin-76014338,home healthsmith llc,0.04962104527066433
tommy-hall-0818812a,han kun law offices,0.04962104527066433
rosemarymendez,usaa,0.04962104527066433
karin-yver-8918a417,emerald fire protection,0.04962104527066433
pinilla-cuenca-liz-adriana-20142924,align technology,0.04962104527066433
claire-mercer-502731193,western national insurance,0.04962104527066433
claire-mercer-502731193,afterburner,0.04962104527066433
chris-myers-a6691313,liebherr group,0.04962104527066433
lynsey-jackson-88094a90,beaumont health,0.04962104527066433
phillip-von-der-linden-18bb18206,hca healthcare,0.04962104527066433
matthew-ball-619479145,education center be here,0.04962104527066433
matthward,exceptional therapies,0.04962104527066433
keith-boyce-96080137,evans associates,0.04962104527066433
matthewlowden,vifor pharma,0.04962104527066433
cameronsanghera,flexhive by hudson,0.04962104527066433
clint-peters-a140519b,vesuvius,0.04962104527066433
sonora-park-hotel-blackpool-a289a072,western national insurance,0.04962104527066433
aristides-bele%C3%B1o-a64803a7,zurich insurance company ltd,0.04962104527066433
michael-wong-40a70a198,home healthsmith llc,0.04962104527066433
sabelo-bright-mthembu-92513ab2,shelter insurance companies,0.04962104527066433
francois-marais-5a026742,erth corporation,0.04962104527066433
paul-barlow-b4723b51,delaval,0.04962104527066433
jag-sagoo-310677100,african spear,0.04962104527066433
philips-parker-294b8ba7,university hospitals case medical center,0.04962104527066433
stephanie-cloughley-168954b7,emersion media,0.04962104527066433
stephanie-case-31603b2a,asian institute of gastroenterology,0.04962104527066433
pinilla-cuenca-liz-adriana-20142924,sandersons,0.04962104527066433
janet-ramsey-347bab71,department of education,0.04962104527066433
miranda-webb-46494a113,tyler casey design,0.04962104527066433
benjamin-ashaley-amuah-aa7364118,one source communications,0.04962104527066433
matthewlowden,boeing,0.04962104527066433
lexi-smith-9607ba172,truple cities metal finishing,0.04962104527066433
david-alonso-moncada-848982a6,consejo general de la abogacia espaola,0.04962104527066433
craig-birnie-996aa343,bright money,0.04962104527066433
elizabeth-carter-a6b9b598,united finance company saog,0.04962104527066433
zephyr-charles-moss-0929751b7,reliance industries limited,0.04962104527066433
pietrodomenicostano-a20aa795,the joshua chamberlain society,0.04962104527066433
chris-yates-a4128b15,idevelopment,0.04962104527066433
hs-arora,dilko english,0.04962104527066433
valentina-kaneva-64927b114,calzado baker,0.04962104527066433
zephyr-charles-moss-0929751b7,snax spa,0.04962104527066433
david-b-6700ba165,motteriffic music photo booth,0.04962104527066433
stevesteel,fluxwerx illumination inc,0.04962104527066433
sonora-park-hotel-blackpool-a289a072,sacred heart medical center,0.04962104527066433
pryesh-bhatt-573231b4,optoro,0.04962104527066433
magda-ortiz-57771066,east dunbartonshire council,0.04962104527066433
matthew-smith-milt-28669a22,urban glam siloam springs,0.04962104527066433
denisetaw,bfp services,0.04962104527066433
phillip-von-der-linden-18bb18206,dusakawi epsi,0.04962104527066433
william-baker-arango-474045142,travel leaders corporate llc,0.04962104527066433
lisaspiller,zion builders ltd,0.04962104527066433
philips-parker-294b8ba7,univesity of nebraskalincoln,0.04962104527066433
pete-hopkins-69745927,lorvik og skjrholm,0.04962104527066433
angie-g%C3%B3ngora-91325b221,arrow electronics,0.04962104527066433
michael-wong-40a70a198,travel trade group,0.04962104527066433
matthewlowden,attenti,0.04962104527066433
nickaubreycope,graphic designer morten klementsen,0.04962104527066433
janet-ramsey-347bab71,gwinnett county public schools,0.04962104527066433
clint-peters-a140519b,oman air,0.04962104527066433
dario-quental-63808a38,linxon,0.04962104527066433
oscar-dario-burbano-diaz-185930126,limen,0.04962104527066433
magda-ortiz-57771066,bank of tennessee,0.04962104527066433
oscar-dario-burbano-diaz-185930126,ceracare,0.04962104527066433
mike-dean-8509a193,konrad adenauer stiftung,0.04962104527066433
adambbuckley,farm bureau insurance of tennessee,0.04962104527066433
miranda-webb-46494a113,twin cities rse,0.04962104527066433
biviana-capera-caballero,vesuvius,0.04962104527066433
barbara-lavelle-36893814b,express service engineering limited,0.04962104527066433
karina-lyburn-photographer,none,0.04962104527066433
lynsey-jackson-88094a90,nilam sharma ltdkeystone law,0.04962104527066433
chris-yates-a4128b15,cobham,0.04962104527066433
branwen-stanley-72b18281,charter nex films inc,0.04962104527066433
david-rowan-674164115,hako sushi delivery,0.04962104527066433
stephanie-case-31603b2a,us navy,0.04962104527066433
marc-alexander-621792163,the korda law firm,0.04962104527066433
francois-marais-5a026742,hcl technologies,0.04962104527066433
gary-smith-ba38b617,healogix,0.04962104527066433
rikesh-tailor-a63291100,mystic cottage furniture,0.04962104527066433
wendy-oosthuizen-404547a4,plexus,0.04962104527066433
liam-buckley-45694b63,prestige worldwide industries,0.04962104527066433
benjamin-ashaley-amuah-aa7364118,richard harrington retirement club,0.04962104527066433
sarahjhodson,omni,0.04962104527066433
sebastian-suarezp,search engine people,0.04962104527066433
benjamin-ashaley-amuah-aa7364118,two bulls,0.04962104527066433
valentina-kaneva-64927b114,deloitte consulting,0.04962104527066433
oscar-dario-burbano-diaz-185930126,universit de bretagne occidentale,0.04962104527066433
raymond-kwesi-00649616,college of southern nevada,0.04962104527066433
pinilla-cuenca-liz-adriana-20142924,genzyme,0.04962104527066433
glynn-reece-84754a15,residencia anoia,0.04962104527066433
